video_name,filter_mode,total_frames,total_detections,avg_detections_per_frame,avg_yolo_confidence,frames_with_detections,detection_rate,avg_speed_variance,max_speed_variance,unique_track_ids,avg_track_duration,track_stability_score
cctv052x2004080516x01644,none,53,126,2.3773584905660377,0.4333159669419649,51,0.9622641509433962,72.92115783691406,145.74378967285156,9,30.88888888888889,100.0
cctv052x2004080516x01644,gaussian,53,20,0.37735849056603776,0.3734929383628898,18,0.33962264150943394,13392.4580078125,26687.80859375,2,39.5,333.3333333333333
cctv052x2004080516x01644,median,53,70,1.320754716981132,0.4115365850147103,44,0.8301886792452831,155.421142578125,259.4363098144531,5,27.4,166.66666666666666
cctv052x2004080517x01654,none,53,204,3.849056603773585,0.44213709394539025,53,1.0,79.32623291015625,162.1203155517578,11,28.727272727272727,83.33333333333333
cctv052x2004080517x01654,gaussian,53,230,4.339622641509434,0.43961148816883333,53,1.0,175.0968780517578,1098.0106201171875,11,37.27272727272727,83.33333333333333
cctv052x2004080517x01654,median,53,327,6.169811320754717,0.4735651095091186,53,1.0,96.39419555664062,234.3242645263672,12,35.416666666666664,76.92307692307692
cctv052x2004080517x01661,none,53,140,2.641509433962264,0.43194656898061207,52,0.9811320754716981,50.69353103637695,67.49739837646484,7,27.142857142857142,125.0
cctv052x2004080517x01661,gaussian,53,219,4.132075471698113,0.44759974878506964,53,1.0,107.20156860351562,482.6177978515625,8,37.5,111.11111111111111
cctv052x2004080517x01661,median,53,241,4.547169811320755,0.4714792403957133,53,1.0,252.67393493652344,1882.3636474609375,11,34.63636363636363,83.33333333333333
cctv052x2004080517x01662,none,53,253,4.773584905660377,0.45881495002460604,53,1.0,255.874267578125,2171.720458984375,11,36.54545454545455,83.33333333333333
cctv052x2004080517x01662,gaussian,53,297,5.60377358490566,0.4633418845781891,53,1.0,61.33510208129883,94.78158569335938,12,37.583333333333336,76.92307692307692
cctv052x2004080517x01662,median,53,360,6.7924528301886795,0.49428906984557613,53,1.0,495.7546081542969,7047.8984375,16,37.0,58.8235294117647
cctv052x2004080518x01671,none,53,235,4.433962264150943,0.4481615512848573,51,0.9622641509433962,148.4674072265625,452.2951354980469,12,40.0,76.92307692307692
cctv052x2004080518x01671,gaussian,53,328,6.188679245283019,0.48265938477201775,53,1.0,111.08397674560547,253.20933532714844,18,36.94444444444444,52.63157894736842
cctv052x2004080518x01671,median,53,346,6.528301886792453,0.49485489122125487,53,1.0,126.90304565429688,267.9261169433594,17,37.470588235294116,55.55555555555556
cctv052x2004080613x00015,none,53,170,3.207547169811321,0.47156173426030884,53,1.0,631.5947875976562,4448.55078125,15,29.0,62.5
cctv052x2004080613x00015,gaussian,53,114,2.150943396226415,0.4625982203417354,51,0.9622641509433962,461.6448974609375,1166.68212890625,9,28.88888888888889,100.0
cctv052x2004080613x00015,median,53,165,3.1132075471698113,0.4859892914489824,53,1.0,279.7972717285156,994.9139404296875,12,27.416666666666668,76.92307692307692
cctv052x2004080613x00016,none,53,124,2.339622641509434,0.4869961098128674,48,0.9056603773584906,347.8821716308594,885.644775390625,11,26.727272727272727,83.33333333333333
cctv052x2004080613x00016,gaussian,53,89,1.679245283018868,0.46445831827569806,49,0.9245283018867925,1442.3074951171875,7764.28271484375,7,28.0,125.0
cctv052x2004080613x00016,median,53,98,1.849056603773585,0.47598809029972344,44,0.8301886792452831,462.4515380859375,1553.216552734375,9,24.22222222222222,100.0
cctv052x2004080613x00017,none,53,110,2.0754716981132075,0.4501936523353352,44,0.8301886792452831,443.5329895019531,1713.3316650390625,12,18.25,76.92307692307692
cctv052x2004080613x00017,gaussian,53,82,1.5471698113207548,0.4421011457227385,40,0.7547169811320755,250.82606506347656,639.2539672851562,7,18.142857142857142,125.0
cctv052x2004080613x00017,median,53,120,2.2641509433962264,0.47528725055580967,45,0.8490566037735849,330.96759033203125,829.7801513671875,10,21.8,90.9090909090909
cctv052x2004080613x00018,none,53,177,3.339622641509434,0.45896154548344986,51,0.9622641509433962,2956.993408203125,36519.421875,15,25.333333333333332,62.5
cctv052x2004080613x00018,gaussian,53,52,0.9811320754716981,0.40681978003082114,28,0.5283018867924528,160.32652282714844,260.733642578125,4,24.0,200.0
cctv052x2004080613x00018,median,53,119,2.2452830188679247,0.44925443600205817,49,0.9245283018867925,3386.86181640625,27299.763671875,11,31.454545454545453,83.33333333333333
cctv052x2004080614x00019,none,53,210,3.9622641509433962,0.48906432053439725,53,1.0,739.053955078125,7550.3974609375,15,32.93333333333333,62.5
cctv052x2004080614x00019,gaussian,53,105,1.9811320754716981,0.45444894935490737,46,0.8679245283018868,253.50979614257812,702.3157348632812,11,28.0,83.33333333333333
cctv052x2004080614x00019,median,53,170,3.207547169811321,0.48755176024660263,51,0.9622641509433962,1314.876220703125,10452.7900390625,12,28.416666666666668,76.92307692307692
cctv052x2004080614x00020,none,53,136,2.5660377358490565,0.4547419995477755,50,0.9433962264150944,168.3837127685547,392.4445495605469,15,28.266666666666666,62.5
cctv052x2004080614x00020,gaussian,53,63,1.1886792452830188,0.43147860070568833,31,0.5849056603773585,201.56077575683594,560.9664916992188,6,26.333333333333332,142.85714285714286
cctv052x2004080614x00020,median,53,113,2.1320754716981134,0.4692800451908604,47,0.8867924528301887,239.1982421875,511.1749267578125,9,26.88888888888889,100.0
cctv052x2004080614x00021,none,53,130,2.452830188679245,0.46710290368254836,51,0.9622641509433962,185.60255432128906,486.46630859375,11,30.0,83.33333333333333
cctv052x2004080614x00021,gaussian,53,90,1.6981132075471699,0.46151566208699046,47,0.8867924528301887,430.6287536621094,1444.2147216796875,6,34.0,142.85714285714286
cctv052x2004080614x00021,median,53,113,2.1320754716981134,0.4778642632261085,48,0.9056603773584906,583.7444458007812,1146.1451416015625,10,25.2,90.9090909090909
cctv052x2004080614x00022,none,53,98,1.849056603773585,0.44955494888266373,48,0.9056603773584906,1519.7227783203125,11153.62109375,9,26.0,100.0
cctv052x2004080614x00022,gaussian,53,75,1.4150943396226414,0.456305298799028,44,0.8301886792452831,202.88365173339844,425.33868408203125,5,27.8,166.66666666666666
cctv052x2004080614x00022,median,53,89,1.679245283018868,0.4580732043338033,47,0.8867924528301887,1025.3514404296875,5282.81298828125,7,32.285714285714285,125.0
cctv052x2004080614x00023,none,52,118,2.269230769230769,0.4656613127638896,43,0.8269230769230769,617.642822265625,3365.012939453125,8,25.375,111.11111111111111
cctv052x2004080614x00023,gaussian,52,93,1.7884615384615385,0.47384396744763246,41,0.7884615384615384,164.97201538085938,298.107666015625,8,23.375,111.11111111111111
cctv052x2004080614x00023,median,52,114,2.1923076923076925,0.4878611240219806,45,0.8653846153846154,1380.3037109375,6947.7568359375,6,28.833333333333332,142.85714285714286
cctv052x2004080614x00026,none,53,324,6.113207547169812,0.5273472927209827,53,1.0,93.83934020996094,317.97125244140625,14,31.285714285714285,66.66666666666667
cctv052x2004080614x00026,gaussian,53,90,1.6981132075471699,0.4329059824991068,35,0.660377358490566,98.1457748413086,189.92921447753906,4,25.75,200.0
cctv052x2004080614x00026,median,53,218,4.113207547169812,0.4951631431051386,50,0.9433962264150944,96.83029174804688,182.4263458251953,10,30.3,90.9090909090909
cctv052x2004080615x00038,none,53,139,2.6226415094339623,0.4355448381152264,45,0.8490566037735849,354.2739562988281,1738.85986328125,9,40.22222222222222,100.0
cctv052x2004080615x00038,gaussian,53,19,0.3584905660377358,0.3827749757112655,10,0.18867924528301888,95.39535522460938,95.39535522460938,1,47.0,500.0
cctv052x2004080615x00038,median,53,43,0.8113207547169812,0.40214389121090927,15,0.2830188679245283,135.75631713867188,206.71990966796875,4,50.25,200.0
cctv052x2004080616x00058,none,53,303,5.716981132075472,0.4835625526894798,53,1.0,730.2633666992188,7869.845703125,15,31.733333333333334,62.5
cctv052x2004080616x00058,gaussian,53,150,2.830188679245283,0.4463057729078902,52,0.9811320754716981,95.94966888427734,187.250732421875,9,33.888888888888886,100.0
cctv052x2004080616x00058,median,53,268,5.056603773584905,0.48173762339202664,52,0.9811320754716981,148.1127471923828,317.0924072265625,15,28.133333333333333,62.5
cctv052x2004080616x00059,none,51,230,4.509803921568627,0.47947143379010654,50,0.9803921568627451,359.087890625,2257.592529296875,13,33.0,71.42857142857143
cctv052x2004080616x00059,gaussian,51,170,3.3333333333333335,0.45010731353291444,49,0.9607843137254902,100.43848419189453,368.8892517089844,12,33.083333333333336,76.92307692307692
cctv052x2004080616x00059,median,51,227,4.450980392156863,0.47057786297871973,50,0.9803921568627451,84.2383041381836,242.2528076171875,12,34.916666666666664,76.92307692307692
cctv052x2004080616x00060,none,53,214,4.037735849056604,0.4388113330760503,53,1.0,327.4139709472656,1904.8822021484375,9,30.555555555555557,100.0
cctv052x2004080616x00060,gaussian,53,149,2.811320754716981,0.4194764591382381,50,0.9433962264150944,5764.48095703125,27920.873046875,7,38.0,125.0
cctv052x2004080616x00060,median,53,241,4.547169811320755,0.4431425148343786,53,1.0,255.92002868652344,2350.13525390625,11,37.0,83.33333333333333
cctv052x2004080616x00061,none,53,235,4.433962264150943,0.4554734855365893,53,1.0,114.3712158203125,306.6707458496094,12,28.5,76.92307692307692
cctv052x2004080616x00061,gaussian,53,114,2.150943396226415,0.428433252727692,48,0.9056603773584906,99.4401626586914,182.8975067138672,6,27.166666666666668,142.85714285714286
cctv052x2004080616x00061,median,53,214,4.037735849056604,0.4592069455282684,53,1.0,152.13450622558594,558.2523193359375,12,29.833333333333332,76.92307692307692
cctv052x2004080616x00062,none,53,347,6.547169811320755,0.508130905241922,53,1.0,85.57550811767578,151.58041381835938,14,34.857142857142854,66.66666666666667
cctv052x2004080616x00062,gaussian,53,306,5.773584905660377,0.5076212293031265,53,1.0,144.75558471679688,736.3896484375,14,34.214285714285715,66.66666666666667
cctv052x2004080616x00062,median,53,370,6.981132075471698,0.5458805075241187,53,1.0,88.03097534179688,161.354248046875,14,35.785714285714285,66.66666666666667
cctv052x2004080617x00064,none,53,417,7.867924528301887,0.48649693997692767,53,1.0,69.24808502197266,109.78958892822266,18,36.0,52.63157894736842
cctv052x2004080617x00064,gaussian,53,261,4.9245283018867925,0.44967488746107714,53,1.0,152.3387908935547,760.0751953125,14,38.42857142857143,66.66666666666667
cctv052x2004080617x00064,median,53,482,9.09433962264151,0.5157337491757987,53,1.0,59.62514877319336,107.70183563232422,19,35.05263157894737,50.0
cctv052x2004080617x00065,none,53,299,5.6415094339622645,0.4863019326885978,53,1.0,140.75306701660156,352.9552001953125,14,38.0,66.66666666666667
cctv052x2004080617x00065,gaussian,53,307,5.7924528301886795,0.50326579709213,53,1.0,127.77054595947266,229.9163818359375,15,35.266666666666666,62.5
cctv052x2004080617x00065,median,53,357,6.735849056603773,0.5351549681186676,53,1.0,123.7363510131836,249.45318603515625,17,35.05882352941177,55.55555555555556
cctv052x2004080617x00066,none,53,221,4.169811320754717,0.43204063968732953,53,1.0,1065.527587890625,5863.19384765625,14,27.0,66.66666666666667
cctv052x2004080617x00066,gaussian,53,282,5.320754716981132,0.4663618434995613,53,1.0,966.848876953125,13592.2705078125,16,31.3125,58.8235294117647
cctv052x2004080617x00066,median,53,368,6.943396226415095,0.4830504332684564,53,1.0,123.26617431640625,853.2185668945312,19,34.10526315789474,50.0
cctv052x2004080617x00067,none,53,201,3.792452830188679,0.43470586066042377,53,1.0,82.90860748291016,122.13465118408203,7,37.857142857142854,125.0
cctv052x2004080617x00067,gaussian,53,252,4.754716981132075,0.4555861220277589,53,1.0,86.18737030029297,324.90582275390625,10,38.1,90.9090909090909
cctv052x2004080617x00067,median,53,307,5.7924528301886795,0.47608452870244794,53,1.0,392.8296813964844,3571.42919921875,11,42.63636363636363,83.33333333333333
cctv052x2004080617x00068,none,53,305,5.754716981132075,0.4438640016156274,53,1.0,92.40180969238281,410.1644287109375,13,37.92307692307692,71.42857142857143
cctv052x2004080617x00068,gaussian,53,306,5.773584905660377,0.4607652289406309,53,1.0,163.98007202148438,939.9039306640625,13,37.84615384615385,71.42857142857143
cctv052x2004080617x00068,median,53,483,9.11320754716981,0.4925158301624683,53,1.0,117.50241088867188,764.4720458984375,17,40.529411764705884,55.55555555555556
cctv052x2004080617x00069,none,53,214,4.037735849056604,0.42231268326253124,52,0.9811320754716981,206.6071319580078,1620.97802734375,13,34.23076923076923,71.42857142857143
cctv052x2004080617x00069,gaussian,53,266,5.018867924528302,0.43724136362117066,53,1.0,1221.0450439453125,12843.69140625,13,34.0,71.42857142857143
cctv052x2004080617x00069,median,53,373,7.037735849056604,0.48428524483295415,53,1.0,100.41490936279297,407.4754333496094,14,40.42857142857143,66.66666666666667
cctv052x2004080617x00070,none,53,263,4.962264150943396,0.4358357057138715,52,0.9811320754716981,123.14846801757812,349.3880310058594,17,32.705882352941174,55.55555555555556
cctv052x2004080617x00070,gaussian,53,316,5.962264150943396,0.4701776543255785,52,0.9811320754716981,171.3177490234375,683.2952270507812,18,33.77777777777778,52.63157894736842
cctv052x2004080617x00070,median,53,404,7.622641509433962,0.49558412715366906,52,0.9811320754716981,487.71978759765625,6862.16064453125,20,34.7,47.61904761904762
cctv052x2004080617x00071,none,53,286,5.39622641509434,0.4507710496317071,53,1.0,111.31553649902344,239.9102325439453,17,36.94117647058823,55.55555555555556
cctv052x2004080617x00071,gaussian,53,271,5.113207547169812,0.48067809143211954,53,1.0,265.22076416015625,2488.41845703125,17,39.1764705882353,55.55555555555556
cctv052x2004080617x00071,median,53,375,7.0754716981132075,0.5133719901547177,53,1.0,110.79177856445312,252.68634033203125,18,38.94444444444444,52.63157894736842
cctv052x2004080617x00072,none,53,145,2.7358490566037736,0.3995634454273891,50,0.9433962264150944,160.35049438476562,551.6297607421875,8,27.5,111.11111111111111
cctv052x2004080617x00072,gaussian,53,238,4.490566037735849,0.4441738561687306,52,0.9811320754716981,121.79598236083984,500.49542236328125,12,33.75,76.92307692307692
cctv052x2004080617x00072,median,53,352,6.6415094339622645,0.468392935112445,53,1.0,291.3022155761719,1921.5703125,17,34.35294117647059,55.55555555555556
cctv052x2004080617x00073,none,53,382,7.2075471698113205,0.501832849384048,53,1.0,763.5806274414062,10342.677734375,15,39.6,62.5
cctv052x2004080617x00073,gaussian,53,272,5.132075471698113,0.4615173798711271,53,1.0,46.99971008300781,70.7164077758789,13,43.53846153846154,71.42857142857143
cctv052x2004080617x00073,median,53,373,7.037735849056604,0.5027334152850335,53,1.0,55.82611083984375,116.23622131347656,15,42.6,62.5
cctv052x2004080617x00074,none,52,151,2.9038461538461537,0.40719714197739715,49,0.9423076923076923,1222.1702880859375,13946.3310546875,12,34.333333333333336,76.92307692307692
cctv052x2004080617x00074,gaussian,52,224,4.3076923076923075,0.44147020392635855,52,1.0,60.227481842041016,129.23837280273438,13,35.61538461538461,71.42857142857143
cctv052x2004080617x00074,median,52,290,5.576923076923077,0.4642125263201947,52,1.0,1915.953369140625,19159.400390625,14,43.0,66.66666666666667
cctv052x2004080617x00075,none,53,187,3.5283018867924527,0.41802138960163054,53,1.0,566.6561279296875,4158.89306640625,13,28.615384615384617,71.42857142857143
cctv052x2004080617x00075,gaussian,53,287,5.415094339622642,0.4581863292568439,53,1.0,262.5345458984375,1855.9307861328125,17,33.64705882352941,55.55555555555556
cctv052x2004080617x00075,median,53,356,6.716981132075472,0.47881413990707494,53,1.0,384.0804138183594,4524.5986328125,19,36.578947368421055,50.0
cctv052x2004080617x00076,none,47,210,4.468085106382978,0.43717049155519866,47,1.0,207.82188415527344,1071.3646240234375,11,32.90909090909091,83.33333333333333
cctv052x2004080617x00076,gaussian,47,220,4.680851063829787,0.450158359028223,46,0.9787234042553191,103.4894790649414,348.50408935546875,13,33.61538461538461,71.42857142857143
cctv052x2004080617x00076,median,47,263,5.595744680851064,0.4613391195185656,47,1.0,91.27727508544922,247.9061737060547,15,32.06666666666667,62.5
cctv052x2004080617x00077,none,53,245,4.622641509433962,0.4451309652983982,53,1.0,1751.5001220703125,20317.720703125,13,40.76923076923077,71.42857142857143
cctv052x2004080617x00077,gaussian,53,226,4.264150943396227,0.44578365361230055,52,0.9811320754716981,189.910888671875,926.3599243164062,13,33.92307692307692,71.42857142857143
cctv052x2004080617x00077,median,53,326,6.150943396226415,0.4847545907516454,52,0.9811320754716981,255.3916473388672,1206.7352294921875,17,33.23529411764706,55.55555555555556
cctv052x2004080619x00093,none,53,151,2.849056603773585,0.5190906459338045,52,0.9811320754716981,258.5391845703125,534.6499633789062,12,28.0,76.92307692307692
cctv052x2004080619x00093,gaussian,53,114,2.150943396226415,0.49875361425382597,49,0.9245283018867925,527.974853515625,2678.49169921875,9,29.77777777777778,100.0
cctv052x2004080619x00093,median,53,145,2.7358490566037736,0.5237573855063494,50,0.9433962264150944,484.9327392578125,1965.2076416015625,13,27.46153846153846,71.42857142857143
cctv052x2004080619x00094,none,53,62,1.169811320754717,0.505119359634054,38,0.7169811320754716,151.17686462402344,245.7053680419922,4,28.25,200.0
cctv052x2004080619x00094,gaussian,53,59,1.1132075471698113,0.5241373571065756,49,0.9245283018867925,405.8797302246094,736.74072265625,3,34.666666666666664,250.0
cctv052x2004080619x00094,median,53,50,0.9433962264150944,0.47605057680501345,39,0.7358490566037735,591.1884765625,1175.840576171875,3,36.0,250.0
cctv052x2004080619x00095,none,53,73,1.3773584905660377,0.49410023218071136,43,0.8113207547169812,339.1591491699219,1122.8206787109375,8,24.0,111.11111111111111
cctv052x2004080619x00095,gaussian,53,46,0.8679245283018868,0.46246028123078525,36,0.6792452830188679,610.7308349609375,1878.665283203125,5,20.4,166.66666666666666
cctv052x2004080619x00095,median,53,45,0.8490566037735849,0.4614414079114795,35,0.660377358490566,545.0199584960938,1569.158935546875,5,24.4,166.66666666666666
cctv052x2004080619x00096,none,53,92,1.7358490566037736,0.4946261083950167,46,0.8679245283018868,1011.2254638671875,5866.416015625,8,29.625,111.11111111111111
cctv052x2004080619x00096,gaussian,53,62,1.169811320754717,0.4940577636855517,45,0.8490566037735849,131.6163330078125,265.9299621582031,3,24.333333333333332,250.0
cctv052x2004080619x00096,median,53,58,1.0943396226415094,0.4635148273780942,37,0.6981132075471698,355.7376403808594,1072.0572509765625,5,31.8,166.66666666666666
cctv052x2004080619x00097,none,53,98,1.849056603773585,0.5354021002565111,46,0.8679245283018868,199.51922607421875,466.3247985839844,10,21.8,90.9090909090909
cctv052x2004080619x00097,gaussian,53,106,2.0,0.5474212049059786,48,0.9056603773584906,915.2484130859375,4315.10498046875,8,23.875,111.11111111111111
cctv052x2004080619x00097,median,53,101,1.9056603773584906,0.5518015754364786,45,0.8490566037735849,280.6678161621094,504.3807067871094,8,23.5,111.11111111111111
cctv052x2004080619x00098,none,53,78,1.471698113207547,0.450264262450314,43,0.8113207547169812,596.2247924804688,1560.789794921875,6,22.666666666666668,142.85714285714286
cctv052x2004080619x00098,gaussian,53,57,1.0754716981132075,0.46057610870241283,35,0.660377358490566,158.1940460205078,222.75094604492188,5,21.8,166.66666666666666
cctv052x2004080619x00098,median,53,66,1.2452830188679245,0.4778652645937808,37,0.6981132075471698,248.32168579101562,728.435302734375,8,17.0,111.11111111111111
cctv052x2004080619x00099,none,53,125,2.358490566037736,0.45400819565817624,48,0.9056603773584906,262.17962646484375,661.584228515625,10,35.2,90.9090909090909
cctv052x2004080619x00099,gaussian,53,64,1.2075471698113207,0.4459255334309169,41,0.7735849056603774,3707.337158203125,18856.259765625,7,30.571428571428573,125.0
cctv052x2004080619x00099,median,53,103,1.9433962264150944,0.47881262664553487,47,0.8867924528301887,221.84872436523438,875.5806884765625,11,28.454545454545453,83.33333333333333
cctv052x2004080619x00100,none,53,191,3.6037735849056602,0.49343636497855187,53,1.0,235.0396728515625,891.51416015625,14,28.071428571428573,66.66666666666667
cctv052x2004080619x00100,gaussian,53,117,2.207547169811321,0.46362272841302127,52,0.9811320754716981,515.5645141601562,1307.3929443359375,10,24.1,90.9090909090909
cctv052x2004080619x00100,median,53,143,2.69811320754717,0.5007915376083644,52,0.9811320754716981,1098.3712158203125,7349.43798828125,13,27.846153846153847,71.42857142857143
cctv052x2004080619x00101,none,53,196,3.69811320754717,0.4832765458045027,53,1.0,186.89183044433594,297.0898132324219,13,28.23076923076923,71.42857142857143
cctv052x2004080619x00101,gaussian,53,157,2.9622641509433962,0.4731885898334594,51,0.9622641509433962,215.5146484375,532.2512817382812,14,23.285714285714285,66.66666666666667
cctv052x2004080619x00101,median,53,190,3.5849056603773586,0.5025765567868199,53,1.0,239.95162963867188,561.3060302734375,13,27.0,71.42857142857143
cctv052x2004080619x00102,none,52,25,0.4807692307692308,0.4315145816026109,21,0.40384615384615385,755.2568359375,1406.072509765625,3,20.0,250.0
cctv052x2004080619x00102,gaussian,52,16,0.3076923076923077,0.40860479840865505,16,0.3076923076923077,530.1705322265625,530.1705322265625,1,44.0,500.0
cctv052x2004080619x00102,median,52,23,0.4423076923076923,0.4200555238534104,21,0.40384615384615385,1285.1864013671875,2497.696044921875,3,21.333333333333332,250.0
cctv052x2004080619x00103,none,53,82,1.5471698113207548,0.4455517314034379,31,0.5849056603773585,267.5898742675781,605.7529907226562,6,17.5,142.85714285714286
cctv052x2004080619x00103,gaussian,53,67,1.2641509433962264,0.4689657553772017,35,0.660377358490566,277.9197082519531,464.1631164550781,6,20.166666666666668,142.85714285714286
cctv052x2004080619x00103,median,53,75,1.4150943396226414,0.4686239877695678,30,0.5660377358490566,310.4251708984375,974.1544799804688,6,21.833333333333332,142.85714285714286
cctv052x2004080619x00104,none,53,62,1.169811320754717,0.4648883304400751,39,0.7358490566037735,562.8187255859375,1321.70751953125,5,34.6,166.66666666666666
cctv052x2004080619x00104,gaussian,53,44,0.8301886792452831,0.492016862468286,40,0.7547169811320755,588.1341552734375,1007.8201293945312,2,40.0,333.3333333333333
cctv052x2004080619x00104,median,53,58,1.0943396226415094,0.46200471104315993,43,0.8113207547169812,374.5819091796875,580.1463012695312,3,34.333333333333336,250.0
cctv052x2004080620x00105,none,53,131,2.4716981132075473,0.471215145875795,51,0.9622641509433962,1385.845947265625,7231.94921875,10,36.1,90.9090909090909
cctv052x2004080620x00105,gaussian,53,62,1.169811320754717,0.4677945120486221,38,0.7169811320754716,312.0228576660156,746.6482543945312,4,28.25,200.0
cctv052x2004080620x00105,median,53,82,1.5471698113207548,0.4696405455147549,36,0.6792452830188679,506.9416198730469,2148.711181640625,8,41.0,111.11111111111111
cctv052x2004080620x00106,none,53,100,1.8867924528301887,0.4038230099205701,43,0.8113207547169812,998.3237915039062,6227.80078125,9,30.333333333333332,100.0
cctv052x2004080620x00106,gaussian,53,66,1.2452830188679245,0.41546878393354086,36,0.6792452830188679,493.8720703125,845.6763305664062,5,32.8,166.66666666666666
cctv052x2004080620x00106,median,53,106,2.0,0.4363489227752163,47,0.8867924528301887,1102.6959228515625,6729.32861328125,9,33.666666666666664,100.0
cctv052x2004080620x00107,none,53,82,1.5471698113207548,0.43799489540185116,40,0.7547169811320755,382.6633605957031,1091.7337646484375,10,23.2,90.9090909090909
cctv052x2004080620x00107,gaussian,53,55,1.0377358490566038,0.4435474185240751,35,0.660377358490566,8700.75,58868.06640625,8,28.0,111.11111111111111
cctv052x2004080620x00107,median,53,72,1.3584905660377358,0.4628910441975017,37,0.6981132075471698,246.11004638671875,694.3549194335938,9,20.22222222222222,100.0
cctv052x2004080620x00108,none,53,104,1.9622641509433962,0.44948730307541707,47,0.8867924528301887,176.54931640625,502.4761962890625,12,21.833333333333332,76.92307692307692
cctv052x2004080620x00108,gaussian,53,101,1.9056603773584906,0.4825119518358773,47,0.8867924528301887,212.7704315185547,404.8010559082031,11,18.181818181818183,83.33333333333333
cctv052x2004080620x00108,median,53,111,2.0943396226415096,0.4754412909591101,44,0.8301886792452831,276.9330749511719,522.9607543945312,13,18.153846153846153,71.42857142857143
